Shop,location,url
PCHUT,Watsonia,https://www.experteasy.com.au//b/pc-hut
CityPhonesPty.Ltd.,Melbourne,https://www.experteasy.com.au//b/city-phones-pty-ltd
TechSupport,Brisbane,https://www.experteasy.com.au//b/tech-support
NextTechLife,PattersonLakes,https://www.experteasy.com.au//b/next-tech-life
HanuComputers,Marden,https://www.experteasy.com.au//b/hanu-computers
SLeuTHComputers,HallsHead,https://www.experteasy.com.au//b/sleuth-computers
LasarComputers,Mandurah,https://www.experteasy.com.au//b/lasar-computers
KPCDITSolutions,Kalgoorlie,https://www.experteasy.com.au//b/kpcd-it-solutions
YoungTechnology,Seaton,https://www.experteasy.com.au//b/young-technology
TDWConsultingITCServices,FreemansReach,https://www.experteasy.com.au//b/tdw-consulting-itc-services
ITServicesSydneyPtyLtd,WolliCreek,https://www.experteasy.com.au//b/it-services-sydney-pty-ltd
CommandI.T.Services,KarrathaIndustrialEstate,https://www.experteasy.com.au//b/command-i-t-services
Foneezy-ComputerRepairShop,Perth,https://www.experteasy.com.au//b/foneezy-computer-repair-shop
NetworksNowPtyLtd,Chatswood,https://www.experteasy.com.au//b/networks-now-pty-ltd
Tech2Site,Lidcombe,https://www.experteasy.com.au//b/tech2site
WATEC,Landsdale,https://www.experteasy.com.au//b/watec
GisbornePhone&ComputerRepair,Gisborne,https://www.experteasy.com.au//b/gisborne-phone-and-computer-repair
BraidwoodIT,DurranDurra,https://www.experteasy.com.au//b/braidwood-it
paylesspc,Dundas,https://www.experteasy.com.au//b/payless-pc
TFPCServices,Adelaide,https://www.experteasy.com.au//b/tf-pc-services
